{"data":[0.9983540230382885,-0.04562302035012498,-0.03475319693779103,0.01812628771964686,0.040555719612082537,0.9900590225202685,-0.13467874937404543,0.078614805962719,0.04055216751310492,0.13304763034471105,0.9902796825996414,0.04957909020809015],"RowCount":3,"ColumnCount":4}