{
    "camera": {
        "resolution": [
            720,
            1280
        ],
        "fps": 60,
        "flip_code": -1,
        "port": 0,
        "mtx": [
            [
                650.6707146176028,
                0.0,
                627.7284955118473
            ],
            [
                0.0,
                647.2089745790028,
                382.1394048695722
            ],
            [
                0.0,
                0.0,
                1.0
            ]
        ],
        "dist": [
            [
                0.04876354133727739,
                -0.0012687691570544182,
                0.00011671010717173619,
                -0.0014365240248690775,
                -0.09212872841863931
            ]
        ]
    },
    "calibration_checkerboard": {
        "pattern_size": [
            9,
            6
        ],
        "edge_size": 0.024
    },
    "marker": {
        "DICT_6X6_250": 0.056,
        "DICT_4X4_250": 0.027
    },
    "connection": {
        "port": 5555
    },
    "path": {
        "photos_path": "checkerboard_photos"
    }
}