{"data":[0.9999082190228238,-0.0055433152860696059,-0.012362248429930195,0.0016374355804794766,0.0010096985115080615,0.9404173089210099,-0.34002097816264406,0.07253503762940694,0.013510515886520976,0.33997728856116929,0.9403365935786371,0.06864353938829182],"RowCount":3,"ColumnCount":4}